contig,subject,locus,nog_eval,nog_hmm,full_seq_bias
SAMEA2619952_1036197,NOG.COG0067.clustalo_raw,SAMEA2619952_1036197_98,0.0,2459.1,0.1
SAMEA2622673_750013,NOG.COG0067.clustalo_raw,SAMEA2622673_750013_3,0.0,2046.2,0.0
SAMEA2591108_1607884,NOG.COG0146.meta_raw,SAMEA2591108_1607884_5,0.0,1816.2,0.0
SAMEA2620980_1729517,NOG.ENOG410XNSJ.meta_raw,SAMEA2620980_1729517_294,0.0,1782.6,0.0
SAMEA2620106_1,NOG.ENOG410XS2P.meta_raw,SAMEA2620106_1_416,0.0,1723.8,12.0
SAMEA2621423_1637224,NOG.ENOG410XRCJ.meta_raw,SAMEA2621423_1637224_28,0.0,1723.5,19.9
SAMEA2622759_2659135,NOG.COG0458.clustalo_raw,SAMEA2622759_2659135_141,0.0,1674.3,0.1
SAMEA2620991_0,NOG.ENOG410XPT8.meta_raw,SAMEA2620991_0_213,0.0,1670.3,49.2
SAMEA2620979_1506124,NOG.COG0458.clustalo_raw,SAMEA2620979_1506124_74,0.0,1669.7,7.2
SAMEA2619678_2729700,NOG.COG0085.clustalo_raw,SAMEA2619678_2729700_85,0.0,1644.0,10.2
SAMEA2622695_1239205,NOG.COG1038.meta_raw,SAMEA2622695_1239205_26,0.0,1613.8,0.0
SAMEA2619766_218,NOG.COG0085.clustalo_raw,SAMEA2619766_218_21,0.0,1571.6,6.0
SAMEA2622843_1052415,NOG.ENOG410XSU4.meta_raw,SAMEA2622843_1052415_336,0.0,1544.7,98.7
SAMEA2621021_1978021,NOG.COG2609.meta_raw,SAMEA2621021_1978021_32,0.0,1540.8,0.0
SAMEA2622690_2233797,NOG.COG1038.meta_raw,SAMEA2622690_2233797_7,0.0,1539.5,0.1
SAMEA2619531_1038908,NOG.COG0178.clustalo_raw,SAMEA2619531_1038908_76,0.0,1539.1,0.1
SAMEA2621260_956261,NOG.ENOG410ZVKM.meta_raw,SAMEA2621260_956261_43,0.0,1457.6,43.4
SAMEA2621448_243,NOG.COG3696.meta_raw,SAMEA2621448_243_12,0.0,1456.3,30.5
SAMEA2623446_116969,NOG.COG0178.clustalo_raw,SAMEA2623446_116969_50,0.0,1437.2,3.7
SAMEA2621278_1955789,NOG.COG0178.clustalo_raw,SAMEA2621278_1955789_74,0.0,1432.6,0.0
SAMEA2621536_1601225,NOG.COG0178.clustalo_raw,SAMEA2621536_1601225_29,0.0,1401.2,0.0
SAMEA2621859_1006678,NOG.COG0458.clustalo_raw,SAMEA2621859_1006678_9,0.0,1393.0,0.3
SAMEA2620979_335054,NOG.COG0188.clustalo_raw,SAMEA2620979_335054_50,0.0,1376.6,0.0
SAMEA2620970_486096,NOG.COG0458.clustalo_raw,SAMEA2620970_486096_144,0.0,1368.6,2.0
SAMEA2621812_1814825,NOG.COG0458.clustalo_raw,SAMEA2621812_1814825_21,0.0,1365.3,0.5
SAMEA2621551_1300142,NOG.COG0046.clustalo_raw,SAMEA2621551_1300142_17,0.0,1349.0,0.6
SAMEA2619531_1154619,NOG.COG1049.meta_raw,SAMEA2619531_1154619_10,0.0,1320.8,0.0
SAMEA2622765_625272,NOG.COG0525.clustalo_raw,SAMEA2622765_625272_16,0.0,1313.4,0.1
SAMEA2619531_1704938,NOG.COG3321.clustalo_raw,SAMEA2619531_1704938_12,0.0,1292.6,23.2
SAMEA2619766_58,NOG.ENOG410XNNJ.meta_raw,SAMEA2619766_58_59,0.0,1287.4,0.0
SAMEA2621536_1946247,NOG.COG0188.clustalo_raw,SAMEA2621536_1946247_27,0.0,1274.9,15.7
SAMEA2622695_475850,NOG.COG0060.clustalo_raw,SAMEA2622695_475850_55,0.0,1214.4,7.7
SAMEA2621259_110584,NOG.COG2609.meta_raw,SAMEA2621259_110584_33,0.0,1208.9,0.0
SAMEA2619782_72,NOG.COG0556.meta_raw,SAMEA2619782_72_75,0.0,1198.7,5.2
SAMEA2623135_17927,NOG.ENOG410ZJCX.meta_raw,SAMEA2623135_17927_12,0.0,1186.1,14.3
SAMEA2623079_2977145,NOG.COG4230.meta_raw,SAMEA2623079_2977145_36,0.0,1179.5,0.0
SAMEA2620570_2523411,NOG.COG0086.clustalo_raw,SAMEA2620570_2523411_8,0.0,1173.5,2.5
SAMEA2623350_824910,NOG.COG2609.meta_raw,SAMEA2623350_824910_14,0.0,1173.0,0.6
SAMEA2621551_337221,NOG.COG0556.meta_raw,SAMEA2621551_337221_13,0.0,1167.3,8.0
SAMEA2622695_1587771,NOG.COG0587.clustalo_raw,SAMEA2622695_1587771_20,0.0,1154.2,0.0
SAMEA2620980_1827033,NOG.ENOG410ZVKM.meta_raw,SAMEA2620980_1827033_70,0.0,1153.9,5.7
SAMEA2591074_57460,NOG.ENOG410XNQR.meta_raw,SAMEA2591074_57460_70,0.0,1145.6,17.9
SAMEA2591122_2294687,NOG.COG0556.meta_raw,SAMEA2591122_2294687_79,0.0,1145.2,1.6
SAMEA2621198_1786429,NOG.COG0188.clustalo_raw,SAMEA2621198_1786429_6,0.0,1134.6,24.0
SAMEA2620979_1299418,NOG.COG0188.clustalo_raw,SAMEA2620979_1299418_1,0.0,1134.1,46.5
SAMEA2621203_2294458,NOG.COG0188.clustalo_raw,SAMEA2621203_2294458_4,0.0,1133.7,37.1
SAMEA2619376_158,NOG.COG0556.meta_raw,SAMEA2619376_158_41,0.0,1133.0,1.9
SAMEA2619531_1472360,NOG.COG0188.clustalo_raw,SAMEA2619531_1472360_68,0.0,1132.3,46.5
SAMEA2620979_181175,NOG.COG0188.clustalo_raw,SAMEA2620979_181175_33,0.0,1129.1,23.1
SAMEA2622173_960915,NOG.COG0188.clustalo_raw,SAMEA2622173_960915_8,0.0,1125.1,17.6
SAMEA2622842_2143320,NOG.COG0188.clustalo_raw,SAMEA2622842_2143320_7,0.0,1121.5,45.8
SAMEA2620980_1977965,NOG.COG0013.clustalo_raw,SAMEA2620980_1977965_18,0.0,1116.4,4.0
SAMEA2620035_105879,NOG.COG0013.clustalo_raw,SAMEA2620035_105879_25,0.0,1112.4,4.2
SAMEA2620097_293239,NOG.COG1154.meta_raw,SAMEA2620097_293239_6,0.0,1108.7,0.7
SAMEA2619782_88,NOG.COG1154.meta_raw,SAMEA2619782_88_103,0.0,1103.6,0.4
SAMEA2620081_976445,NOG.COG0556.meta_raw,SAMEA2620081_976445_3,0.0,1103.1,6.1
SAMEA2620929_554346,NOG.ENOG41114HE.meta_raw,SAMEA2620929_554346_6,0.0,1102.5,10.6
SAMEA2619667_6,NOG.COG0013.clustalo_raw,SAMEA2619667_6_49,0.0,1100.3,0.4
SAMEA2621076_546360,NOG.COG0060.clustalo_raw,SAMEA2621076_546360_71,0.0,1096.8,2.6
SAMEA2620980_65050,NOG.ENOG410XQ03.meta_raw,SAMEA2620980_65050_38,0.0,1096.7,19.0
SAMEA2591108_508452,NOG.COG0013.clustalo_raw,SAMEA2591108_508452_16,0.0,1092.8,12.3
SAMEA2619974_711,NOG.COG0013.clustalo_raw,SAMEA2619974_711_24,0.0,1089.3,3.8
SAMEA2622690_2123894,NOG.COG0466.clustalo_raw,SAMEA2622690_2123894_5,0.0,1087.1,8.1
SAMEA2620980_769391,NOG.COG1754.meta_raw,SAMEA2620980_769391_11,0.0,1086.6,0.1
SAMEA2591122_1927317,NOG.COG1643.clustalo_raw,SAMEA2591122_1927317_24,0.0,1082.2,18.3
SAMEA2620666_81,NOG.ENOG410XQUD.meta_raw,SAMEA2620666_81_73,0.0,1076.2,0.0
SAMEA2623059_2166426,NOG.COG0188.clustalo_raw,SAMEA2623059_2166426_7,0.0,1068.5,2.5
SAMEA2619857_391591,NOG.COG0464.clustalo_raw,SAMEA2619857_391591_14,0.0,1064.9,7.7
SAMEA2621812_256335,NOG.COG0188.clustalo_raw,SAMEA2621812_256335_30,0.0,1061.0,0.2
SAMEA2621839_2332429,NOG.COG0556.meta_raw,SAMEA2621839_2332429_9,0.0,1060.1,3.8
SAMEA2620339_2253622,NOG.COG0188.clustalo_raw,SAMEA2620339_2253622_7,0.0,1059.4,0.2
SAMEA2623627_2805135,NOG.COG0495.clustalo_raw,SAMEA2623627_2805135_18,0.0,1054.5,0.4
SAMEA2622316_1666072,NOG.COG1201.meta_raw,SAMEA2622316_1666072_6,0.0,1048.0,0.0
SAMEA2620756_77093,NOG.COG1154.meta_raw,SAMEA2620756_77093_48,0.0,1036.8,0.0
SAMEA2619840_1979888,NOG.COG0587.clustalo_raw,SAMEA2619840_1979888_60,0.0,1033.5,0.0
SAMEA2623116_1528666,NOG.COG0841.clustalo_raw,SAMEA2623116_1528666_43,0.0,1025.7,38.2
SAMEA2619376_8480,NOG.COG3544.meta_raw,SAMEA2619376_8480_8,6.799999999999996e-302,1007.1,0.0
SAMEA2619548_1236059,NOG.COG0504.clustalo_raw,SAMEA2619548_1236059_85,1.6999999999999988e-300,1003.7,0.0
SAMEA2619678_752514,NOG.COG0495.clustalo_raw,SAMEA2619678_752514_44,2.499999999999999e-300,1003.5,19.2
SAMEA2619766_139,NOG.COG0187.clustalo_raw,SAMEA2619766_139_27,4.799999999999997e-299,999.1,2.2
SAMEA2620078_932,NOG.COG0187.clustalo_raw,SAMEA2620078_932_7,1.0999999999999995e-296,991.3,2.3
SAMEA2621242_1307226,NOG.ENOG410ZME3.meta_raw,SAMEA2621242_1307226_24,1.7999999999999988e-296,987.1,0.1
SAMEA2622690_2151581,NOG.COG0556.meta_raw,SAMEA2622690_2151581_29,5.499999999999997e-294,981.5,0.1
SAMEA2621401_340617,NOG.COG0187.clustalo_raw,SAMEA2621401_340617_61,5.4999999999999965e-292,975.7,0.0
SAMEA2621487_818947,NOG.COG0841.clustalo_raw,SAMEA2621487_818947_39,1.4999999999999991e-291,974.2,29.8
SAMEA2620413_1059347,NOG.COG0841.clustalo_raw,SAMEA2620413_1059347_47,2.3999999999999983e-291,973.5,50.3
SAMEA2622316_1028038,NOG.COG0178.clustalo_raw,SAMEA2622316_1028038_7,1.1999999999999993e-290,971.0,0.0
SAMEA2591108_567714,NOG.COG0188.clustalo_raw,SAMEA2591108_567714_20,1.599999999999999e-290,970.7,4.8
SAMEA2622696_970089,NOG.COG1330.meta_raw,SAMEA2622696_970089_5,1.8999999999999987e-290,970.2,1.8
SAMEA2621132_3311040,NOG.ENOG410Y6GW.meta_raw,SAMEA2621132_3311040_1,3.099999999999998e-290,968.9,1683.5
SAMEA2619766_913,NOG.COG0422.meta_raw,SAMEA2619766_913_6,1.4999999999999992e-289,966.0,0.0
SAMEA2619766_31,NOG.COG4631.meta_raw,SAMEA2619766_31_18,3.0999999999999983e-287,959.9,0.0
SAMEA2591108_1084475,NOG.COG0060.clustalo_raw,SAMEA2591108_1084475_10,8.099999999999996e-286,955.5,0.2
SAMEA2619766_249,NOG.COG4770.meta_raw,SAMEA2619766_249_52,6.699999999999996e-284,949.3,18.2
SAMEA2619766_4779,NOG.COG4770.meta_raw,SAMEA2619766_4779_10,4.1999999999999976e-283,946.7,12.9
SAMEA2621075_1617741,NOG.COG2111.clustalo_raw,SAMEA2621075_1617741_4,4.3999999999999984e-279,932.0,64.8
SAMEA2591108_1406806,NOG.COG3808.meta_raw,SAMEA2591108_1406806_6,1.0999999999999995e-277,927.4,54.9
SAMEA2623079_4321990,NOG.COG0441.clustalo_raw,SAMEA2623079_4321990_6,5.499999999999998e-277,926.2,1.8
SAMEA2619782_76,NOG.COG1154.meta_raw,SAMEA2619782_76_32,4.699999999999998e-276,923.1,0.7
SAMEA2619667_60,NOG.COG1154.meta_raw,SAMEA2619667_60_27,4.699999999999998e-276,923.1,0.7
SAMEA2619399_1091432,NOG.COG0481.meta_raw,SAMEA2619399_1091432_14,5.5999999999999965e-276,921.7,1.7
SAMEA2619376_968,NOG.ENOG410XPXW.meta_raw,SAMEA2619376_968_8,5.2999999999999967e-275,918.2,9.9
SAMEA2619857_482696,NOG.ENOG41114HE.meta_raw,SAMEA2619857_482696_8,6.399999999999996e-274,913.6,12.6
SAMEA2619952_2350843,NOG.COG0055.clustalo_raw,SAMEA2619952_2350843_12,7.2999999999999966e-273,912.3,1.0
SAMEA2591074_483174,NOG.ENOG410XPUY.meta_raw,SAMEA2591074_483174_15,4.899999999999997e-273,911.4,0.0
SAMEA2619678_834915,NOG.COG1154.meta_raw,SAMEA2619678_834915_64,5.699999999999997e-271,906.3,0.0
SAMEA2619678_705728,NOG.COG1154.meta_raw,SAMEA2619678_705728_31,5.899999999999997e-271,906.2,0.4
SAMEA2619678_398018,NOG.COG1185.clustalo_raw,SAMEA2619678_398018_16,5.499999999999997e-271,906.2,0.0
SAMEA2619399_784069,NOG.COG0441.clustalo_raw,SAMEA2619399_784069_2,1.899999999999999e-269,901.2,2.1
SAMEA2622837_2694052,NOG.COG0441.clustalo_raw,SAMEA2622837_2694052_6,6.399999999999996e-269,899.5,5.1
SAMEA2622316_686588,NOG.COG0188.clustalo_raw,SAMEA2622316_686588_37,1.9999999999999988e-268,897.5,13.7
SAMEA2623116_1526887,NOG.COG0326.clustalo_raw,SAMEA2623116_1526887_16,1.0999999999999995e-266,892.3,30.6
SAMEA2621075_2512630,NOG.ENOG410XQJQ.meta_raw,SAMEA2621075_2512630_1,4.399999999999998e-267,892.1,43.9
SAMEA2620979_1030259,NOG.ENOG410XPXW.meta_raw,SAMEA2620979_1030259_8,4.199999999999998e-267,892.1,10.2
SAMEA2619548_2196513,NOG.COG1185.clustalo_raw,SAMEA2619548_2196513_10,3.499999999999998e-266,890.3,0.0
SAMEA2622478_784896,NOG.COG0441.clustalo_raw,SAMEA2622478_784896_6,2.0999999999999987e-265,887.9,3.4
SAMEA2620542_2142610,NOG.ENOG410XPXW.meta_raw,SAMEA2620542_2142610_6,8.799999999999995e-265,884.4,7.1
SAMEA2619531_1797533,NOG.COG4770.meta_raw,SAMEA2619531_1797533_12,4.899999999999997e-263,880.2,12.2
SAMEA2622823_939848,NOG.COG1060.clustalo_raw,SAMEA2622823_939848_25,2.899999999999998e-261,873.6,0.0
SAMEA2621839_1025607,NOG.COG0519.meta_raw,SAMEA2621839_1025607_8,2.699999999999999e-258,863.9,0.0
SAMEA2619531_1917517,NOG.COG1185.clustalo_raw,SAMEA2619531_1917517_2,1.4999999999999992e-257,861.7,0.1
SAMEA2619952_99193,NOG.COG0365.clustalo_raw,SAMEA2619952_99193_9,2.4999999999999985e-256,857.4,0.2
SAMEA2621259_855083,NOG.COG0365.clustalo_raw,SAMEA2621259_855083_11,1.6999999999999996e-254,851.3,0.1
SAMEA2591084_238107,NOG.COG5016.meta_raw,SAMEA2591084_238107_42,7.099999999999997e-255,850.5,1.1
SAMEA2619376_479,NOG.COG1298.meta_raw,SAMEA2619376_479_14,4.599999999999997e-254,849.8,13.6
SAMEA2621020_1983640,NOG.COG0441.clustalo_raw,SAMEA2621020_1983640_7,5.1999999999999974e-253,846.8,2.3
SAMEA2621260_813344,NOG.COG0519.meta_raw,SAMEA2621260_813344_6,3.499999999999998e-252,843.6,0.0
SAMEA2619840_1154112,NOG.COG0133.meta_raw,SAMEA2619840_1154112_24,9.799999999999996e-252,842.4,0.1
SAMEA2591057_895026,NOG.ENOG410XT44.meta_raw,SAMEA2591057_895026_5,1.1999999999999994e-251,840.7,0.0
SAMEA2622737_105518,NOG.COG0441.clustalo_raw,SAMEA2622737_105518_10,3.0999999999999984e-249,834.2,6.7
SAMEA2620980_740681,NOG.COG0365.clustalo_raw,SAMEA2620980_740681_47,9.199999999999995e-249,832.3,2.1
SAMEA2622657_1154659,NOG.COG2987.meta_raw,SAMEA2622657_1154659_10,8.299999999999997e-249,831.5,0.0
SAMEA2619782_5007,NOG.COG0129.clustalo_raw,SAMEA2619782_5007_7,3.599999999999998e-248,830.1,6.3
SAMEA2619678_621622,NOG.COG2987.meta_raw,SAMEA2619678_621622_5,1.0999999999999995e-247,827.8,0.0
SAMEA2619802_1232,NOG.COG0046.clustalo_raw,SAMEA2619802_1232_11,9.799999999999995e-245,818.9,0.0
SAMEA2623850_2346507,NOG.COG0046.clustalo_raw,SAMEA2623850_2346507_1,1.0999999999999996e-244,818.8,0.0
SAMEA2619907_2329181,NOG.ENOG410XRSZ.meta_raw,SAMEA2619907_2329181_4,6.999999999999996e-243,811.7,0.0
SAMEA2623079_2847202,NOG.COG0114.meta_raw,SAMEA2623079_2847202_15,2.6999999999999986e-241,807.4,6.2
SAMEA2619766_675,NOG.COG4770.meta_raw,SAMEA2619766_675_6,1.3999999999999992e-240,805.7,0.0
SAMEA2621401_1527940,NOG.COG0073.clustalo_raw,SAMEA2621401_1527940_2,5.299999999999996e-240,803.3,0.0
SAMEA2622766_433504,NOG.ENOG410Y023.meta_raw,SAMEA2622766_433504_6,4.1999999999999983e-240,801.1,0.0
SAMEA2622048_4063490,NOG.COG0114.meta_raw,SAMEA2622048_4063490_9,3.2999999999999987e-239,800.5,4.8
SAMEA2621203_1345481,NOG.ENOG410XPXW.meta_raw,SAMEA2621203_1345481_32,5.199999999999997e-239,799.1,6.2
SAMEA2619818_1424,NOG.COG0841.clustalo_raw,SAMEA2619818_1424_2,1.4999999999999993e-238,798.6,10.3
SAMEA2620384_81,NOG.COG1292.clustalo_raw,SAMEA2620384_81_24,1.799999999999999e-233,781.3,20.8
SAMEA2591108_1846850,NOG.COG4770.meta_raw,SAMEA2591108_1846850_15,1.1999999999999995e-232,779.5,0.6
SAMEA2619840_1488387,NOG.COG1292.clustalo_raw,SAMEA2619840_1488387_15,6.699999999999996e-232,776.1,24.4
SAMEA2620021_2398382,NOG.COG0046.clustalo_raw,SAMEA2620021_2398382_37,1.499999999999999e-231,775.2,0.1
SAMEA2620979_282473,NOG.COG5265.meta_raw,SAMEA2620979_282473_7,2.299999999999999e-231,774.1,7.9
SAMEA2622765_394152,NOG.COG0499.clustalo_raw,SAMEA2622765_394152_18,1.499999999999999e-230,771.6,0.2
SAMEA2620413_456717,NOG.ENOG410ZVYR.meta_raw,SAMEA2620413_456717_40,1.3999999999999993e-228,763.1,59.6
SAMEA2591084_1264116,NOG.COG1123.clustalo_raw,SAMEA2591084_1264116_4,1.4999999999999993e-227,762.3,0.0
SAMEA2619678_1957727,NOG.COG2873.meta_raw,SAMEA2619678_1957727_17,1.8999999999999989e-227,761.3,0.0
SAMEA2619782_824,NOG.COG2225.meta_raw,SAMEA2619782_824_35,2.2999999999999987e-227,761.2,0.1
SAMEA2620666_2911,NOG.COG1770.meta_raw,SAMEA2620666_2911_10,3.9999999999999984e-227,759.5,0.0
SAMEA2623627_1855253,NOG.COG0046.clustalo_raw,SAMEA2623627_1855253_12,1.999999999999999e-226,758.2,0.5
SAMEA2620979_1404549,NOG.COG0150.clustalo_raw,SAMEA2620979_1404549_16,3.6999999999999984e-226,757.7,4.3
SAMEA2623627_1310370,NOG.COG0460.meta_raw,SAMEA2623627_1310370_27,1.9999999999999988e-224,751.4,0.3
SAMEA2623370_1093360,NOG.COG3200.meta_raw,SAMEA2623370_1093360_9,9.699999999999996e-223,745.7,0.0
SAMEA2619840_2442763,NOG.ENOG410XT2U.meta_raw,SAMEA2619840_2442763_2,2.999999999999999e-222,744.1,5.8
SAMEA2621045_2152,NOG.COG2308.clustalo_raw,SAMEA2621045_2152_13,8.399999999999996e-221,739.4,0.0
SAMEA2619857_390432,NOG.ENOG410XT2U.meta_raw,SAMEA2619857_390432_14,1.1999999999999995e-220,738.8,7.3
SAMEA2622764_62277,NOG.ENOG410XPM9.meta_raw,SAMEA2622764_62277_11,1.2999999999999996e-220,738.3,8.0
SAMEA2619667_1232,NOG.COG1282.meta_raw,SAMEA2619667_1232_3,3.6999999999999986e-220,737.8,28.1
SAMEA2620980_1434656,NOG.ENOG410XP2F.meta_raw,SAMEA2620980_1434656_4,1.1999999999999993e-215,721.8,34.8
SAMEA2620929_562007,NOG.COG0187.clustalo_raw,SAMEA2620929_562007_9,2.3999999999999986e-215,721.7,0.3
SAMEA2619399_3150436,NOG.COG3200.meta_raw,SAMEA2619399_3150436_6,2.899999999999998e-215,720.9,0.0
SAMEA2619857_1508546,NOG.COG1505.meta_raw,SAMEA2619857_1508546_2,5.099999999999998e-215,720.5,1.1
SAMEA2619678_1610908,NOG.COG0187.clustalo_raw,SAMEA2619678_1610908_2,9.999999999999995e-215,719.6,0.3
SAMEA2622097_927456,NOG.COG0187.clustalo_raw,SAMEA2622097_927456_10,1.2999999999999994e-214,719.2,0.6
SAMEA2619678_815378,NOG.ENOG410XNNV.meta_raw,SAMEA2619678_815378_10,5.799999999999997e-214,716.3,44.5
SAMEA2619667_26627,NOG.COG0187.clustalo_raw,SAMEA2619667_26627_7,9.699999999999995e-214,716.3,0.6
SAMEA2621536_1978433,NOG.ENOG410XT59.meta_raw,SAMEA2621536_1978433_24,9.399999999999996e-214,715.3,23.6
SAMEA2623135_1045247,NOG.COG0187.clustalo_raw,SAMEA2623135_1045247_8,2.099999999999999e-213,715.2,0.1
SAMEA2622738_1361998,NOG.COG1062.meta_raw,SAMEA2622738_1361998_2,2.199999999999999e-213,714.9,13.1
SAMEA2619399_702530,NOG.COG0187.clustalo_raw,SAMEA2619399_702530_2,1.9999999999999994e-212,712.0,0.0
SAMEA2621812_1118336,NOG.COG0188.clustalo_raw,SAMEA2621812_1118336_7,2.1999999999999992e-210,705.0,3.2
SAMEA2623426_882410,NOG.COG0542.clustalo_raw,SAMEA2623426_882410_3,2.499999999999999e-210,704.9,4.5
SAMEA2619667_8164,NOG.COG0365.clustalo_raw,SAMEA2619667_8164_2,2.599999999999999e-209,701.4,0.1
SAMEA2619927_781061,NOG.COG3046.meta_raw,SAMEA2619927_781061_4,1.1999999999999994e-209,701.0,6.6
SAMEA2622690_1507797,NOG.COG0187.clustalo_raw,SAMEA2622690_1507797_1,8.299999999999996e-209,700.0,18.6
SAMEA2619399_109711,NOG.COG0365.clustalo_raw,SAMEA2619399_109711_13,1.3999999999999991e-208,699.0,0.1
SAMEA2622822_1681618,NOG.COG0365.clustalo_raw,SAMEA2622822_1681618_10,3.999999999999998e-208,697.5,0.0
SAMEA2623370_2474181,NOG.COG0365.clustalo_raw,SAMEA2623370_2474181_13,4.099999999999998e-208,697.4,0.1
SAMEA2622716_529501,NOG.COG0843.meta_raw,SAMEA2622716_529501_24,6.299999999999997e-208,695.9,57.0
SAMEA2619399_2527032,NOG.COG0365.clustalo_raw,SAMEA2619399_2527032_2,1.8999999999999993e-207,695.3,0.0
SAMEA2621401_660077,NOG.COG4770.meta_raw,SAMEA2621401_660077_14,4.399999999999998e-207,694.7,0.0
SAMEA2623390_2005742,NOG.COG0365.clustalo_raw,SAMEA2623390_2005742_3,3.499999999999999e-207,694.4,0.1
SAMEA2622690_1780700,NOG.COG0365.clustalo_raw,SAMEA2622690_1780700_6,9.199999999999996e-207,693.0,0.0
SAMEA2619782_5100,NOG.COG0187.clustalo_raw,SAMEA2619782_5100_10,1.1999999999999994e-206,692.9,0.1
SAMEA2623627_565846,NOG.COG3046.meta_raw,SAMEA2623627_565846_5,3.599999999999999e-207,692.8,9.4
SAMEA2619779_1465,NOG.COG0137.meta_raw,SAMEA2619779_1465_11,8.199999999999997e-207,692.8,0.0
SAMEA2621155_1668496,NOG.COG0365.clustalo_raw,SAMEA2621155_1668496_7,1.3999999999999992e-206,692.3,0.0
SAMEA2619857_405215,NOG.COG2511.meta_raw,SAMEA2619857_405215_28,6.799999999999997e-207,692.1,0.0
SAMEA2621155_2236281,NOG.COG0365.clustalo_raw,SAMEA2621155_2236281_3,2.499999999999999e-206,691.5,0.0
SAMEA2622478_2884049,NOG.COG0365.clustalo_raw,SAMEA2622478_2884049_8,2.7999999999999985e-206,691.4,0.1
SAMEA2619974_26253,NOG.COG0365.clustalo_raw,SAMEA2619974_26253_5,4.4999999999999987e-206,690.7,0.0
SAMEA2622837_2214772,NOG.COG0365.clustalo_raw,SAMEA2622837_2214772_2,4.3999999999999986e-206,690.7,0.0
SAMEA2622822_265222,NOG.COG0114.meta_raw,SAMEA2622822_265222_1,5.399999999999998e-206,690.5,1.4
SAMEA2621021_2097730,NOG.COG0439.clustalo_raw,SAMEA2621021_2097730_2,1.899999999999999e-205,688.7,0.2
SAMEA2619782_8692,NOG.COG0365.clustalo_raw,SAMEA2619782_8692_7,1.7999999999999995e-205,688.7,0.0
SAMEA2623627_1806757,NOG.COG0365.clustalo_raw,SAMEA2623627_1806757_6,2.599999999999999e-205,688.2,0.0
SAMEA2619970_2376903,NOG.COG0365.clustalo_raw,SAMEA2619970_2376903_1,3.599999999999999e-205,687.7,0.0
SAMEA2619667_9487,NOG.COG0365.clustalo_raw,SAMEA2619667_9487_8,8.599999999999996e-205,686.4,0.0
SAMEA2620979_686649,NOG.COG0365.clustalo_raw,SAMEA2620979_686649_3,9.299999999999997e-205,686.3,0.0
SAMEA2622677_716203,NOG.COG0365.clustalo_raw,SAMEA2622677_716203_4,1.2999999999999996e-204,685.9,0.0
SAMEA2623390_509341,NOG.COG0365.clustalo_raw,SAMEA2623390_509341_4,1.3999999999999993e-204,685.8,0.0
SAMEA2623116_65335,NOG.COG4799.clustalo_raw,SAMEA2623116_65335_22,2.399999999999999e-204,684.9,0.3
SAMEA2619782_2875,NOG.COG0365.clustalo_raw,SAMEA2619782_2875_2,2.999999999999998e-204,684.6,0.0
SAMEA2620979_1670346,NOG.COG0365.clustalo_raw,SAMEA2620979_1670346_9,2.999999999999998e-204,684.6,0.0
SAMEA2619399_1743454,NOG.COG0365.clustalo_raw,SAMEA2619399_1743454_9,3.899999999999999e-203,681.0,0.0
SAMEA2622822_1932268,NOG.COG0365.clustalo_raw,SAMEA2622822_1932268_8,5.399999999999998e-203,680.5,0.0
SAMEA2623079_4125639,NOG.ENOG410XRDN.meta_raw,SAMEA2623079_4125639_5,6.299999999999998e-203,678.9,0.0
SAMEA2622362_1333351,NOG.COG0365.clustalo_raw,SAMEA2622362_1333351_13,2.0999999999999994e-202,678.5,0.1
SAMEA2622452_3082956,NOG.ENOG410ZNKY.meta_raw,SAMEA2622452_3082956_2,1.3999999999999991e-202,678.3,41.5
SAMEA2622452_1837411,NOG.COG1492.meta_raw,SAMEA2622452_1837411_17,5.499999999999997e-202,677.2,0.1
SAMEA2623116_648899,NOG.ENOG410XSH3.meta_raw,SAMEA2623116_648899_9,1.2999999999999995e-201,675.2,2.3
SAMEA2623079_305571,NOG.COG0365.clustalo_raw,SAMEA2623079_305571_5,4.399999999999998e-201,674.1,0.0
SAMEA2619952_1850203,NOG.COG0541.meta_raw,SAMEA2619952_1850203_11,4.999999999999998e-201,673.5,24.4
SAMEA2621551_2064986,NOG.COG0365.clustalo_raw,SAMEA2621551_2064986_3,7.299999999999997e-201,673.4,0.0
SAMEA2623135_2189284,NOG.COG0138.meta_raw,SAMEA2623135_2189284_21,3.5999999999999984e-200,670.9,0.1
SAMEA2623079_1007426,NOG.COG0365.clustalo_raw,SAMEA2623079_1007426_4,6.199999999999997e-200,670.3,0.0
SAMEA2619907_1433952,NOG.COG0365.clustalo_raw,SAMEA2619907_1433952_1,4.699999999999998e-199,667.4,0.1
SAMEA2623116_798889,NOG.COG0465.clustalo_raw,SAMEA2623116_798889_8,7.499999999999997e-199,667.0,1.0
SAMEA2621839_1344298,NOG.ENOG410XV81.meta_raw,SAMEA2621839_1344298_5,1.5999999999999993e-199,666.8,0.3
SAMEA2623446_593122,NOG.COG1115.clustalo_raw,SAMEA2623446_593122_1,1.2999999999999995e-198,665.8,34.5
SAMEA2623059_306406,NOG.COG2366.meta_raw,SAMEA2623059_306406_3,1.4999999999999993e-198,665.4,0.1
SAMEA2621423_838368,NOG.COG0465.clustalo_raw,SAMEA2621423_838368_8,6.2999999999999964e-198,664.0,1.8
SAMEA2623627_2862838,NOG.COG0541.meta_raw,SAMEA2623627_2862838_4,1.5999999999999993e-197,661.9,23.2
SAMEA2622822_496487,NOG.COG0449.meta_raw,SAMEA2622822_496487_2,9.499999999999994e-197,659.8,4.3
SAMEA2621423_1559714,NOG.COG0541.meta_raw,SAMEA2621423_1559714_14,2.5999999999999993e-196,657.9,24.5
SAMEA2621839_1228563,NOG.COG0112.meta_raw,SAMEA2621839_1228563_3,1.5999999999999995e-196,657.8,0.0
SAMEA2619879_938572,NOG.COG1389.meta_raw,SAMEA2619879_938572_1,2.499999999999999e-196,657.7,0.1
SAMEA2623370_371893,NOG.COG0541.meta_raw,SAMEA2623370_371893_8,3.7999999999999978e-196,657.4,19.0
SAMEA2619399_1376213,NOG.COG0541.meta_raw,SAMEA2619399_1376213_9,9.299999999999996e-196,656.1,23.4
SAMEA2591057_732871,NOG.COG1009.clustalo_raw,SAMEA2591057_732871_3,4.699999999999998e-195,653.8,52.7
SAMEA2619766_1787,NOG.COG0541.meta_raw,SAMEA2619766_1787_18,8.399999999999995e-195,652.9,24.6
SAMEA2619376_682,NOG.COG0037.clustalo_raw,SAMEA2619376_682_7,1.1999999999999995e-194,652.6,0.0
SAMEA2621812_90986,NOG.COG0541.meta_raw,SAMEA2621812_90986_7,1.399999999999999e-194,652.2,24.0
SAMEA2619548_2483572,NOG.COG0541.meta_raw,SAMEA2619548_2483572_2,3.099999999999998e-194,651.0,23.3
SAMEA2620542_1573674,NOG.COG1389.meta_raw,SAMEA2620542_1573674_9,3.999999999999998e-194,650.4,0.1
SAMEA2619667_21729,NOG.COG4147.meta_raw,SAMEA2619667_21729_5,5.099999999999998e-193,645.9,28.5
SAMEA2620404_738237,NOG.COG0541.meta_raw,SAMEA2620404_738237_6,3.3999999999999985e-192,644.3,19.3
SAMEA2591057_606306,NOG.COG0541.meta_raw,SAMEA2591057_606306_4,5.299999999999997e-192,643.7,15.3
SAMEA2619667_2867,NOG.COG0114.meta_raw,SAMEA2619667_2867_16,7.999999999999996e-192,643.6,2.5
SAMEA2620404_88891,NOG.COG0541.meta_raw,SAMEA2620404_88891_4,1.8999999999999993e-191,641.9,22.3
SAMEA2620970_1224033,NOG.COG0541.meta_raw,SAMEA2620970_1224033_3,2.2999999999999992e-191,641.6,18.2
SAMEA2621839_2157259,NOG.COG0541.meta_raw,SAMEA2621839_2157259_3,2.4999999999999988e-191,641.4,16.9
SAMEA2591122_2250840,NOG.COG1115.clustalo_raw,SAMEA2591122_2250840_39,5.4999999999999976e-191,640.6,42.7
SAMEA2620217_1043587,NOG.COG0541.meta_raw,SAMEA2620217_1043587_1,4.699999999999998e-191,640.5,15.1
SAMEA2622822_1729720,NOG.COG0365.clustalo_raw,SAMEA2622822_1729720_1,4.399999999999999e-190,637.6,0.0
SAMEA2620217_1364836,NOG.COG0272.meta_raw,SAMEA2620217_1364836_13,4.399999999999999e-190,637.6,0.0
SAMEA2622923_52265,NOG.COG0272.meta_raw,SAMEA2622923_52265_15,4.799999999999998e-190,637.5,0.0
SAMEA2619548_2793914,NOG.COG0541.meta_raw,SAMEA2619548_2793914_11,9.099999999999996e-190,636.3,14.4
SAMEA2619399_3406468,NOG.COG0365.clustalo_raw,SAMEA2619399_3406468_13,2.399999999999999e-189,635.2,0.1
SAMEA2619667_19289,NOG.COG1009.clustalo_raw,SAMEA2619667_19289_15,5.099999999999998e-188,630.6,42.1
SAMEA2620979_1887267,NOG.COG1243.clustalo_raw,SAMEA2620979_1887267_11,6.899999999999999e-188,630.5,7.1
SAMEA2621066_1483717,NOG.COG0272.meta_raw,SAMEA2621066_1483717_4,1.1999999999999996e-187,629.6,0.0
SAMEA2620021_1355569,NOG.ENOG410ZVQK.meta_raw,SAMEA2620021_1355569_26,4.199999999999998e-187,627.8,55.7
SAMEA2619818_3383,NOG.COG1282.meta_raw,SAMEA2619818_3383_6,6.599999999999998e-187,627.6,29.9
SAMEA2621132_2828502,NOG.COG0272.meta_raw,SAMEA2621132_2828502_10,6.399999999999998e-187,627.1,0.0
SAMEA2621423_1245824,NOG.ENOG410XRDN.meta_raw,SAMEA2621423_1245824_6,5.399999999999998e-187,626.2,0.0
SAMEA2621044_2272193,NOG.COG0365.clustalo_raw,SAMEA2621044_2272193_1,1.8e-186,625.6,0.1
SAMEA2619782_18560,NOG.COG3046.meta_raw,SAMEA2619782_18560_2,9.399999999999996e-187,625.5,0.0
SAMEA2621076_2477777,NOG.COG0272.meta_raw,SAMEA2621076_2477777_13,7.899999999999997e-186,623.5,0.0
SAMEA2620081_1978164,NOG.COG0209.clustalo_raw,SAMEA2620081_1978164_2,9.299999999999997e-186,623.3,0.0
SAMEA2622822_1630672,NOG.COG0215.clustalo_raw,SAMEA2622822_1630672_7,3.4999999999999985e-185,621.7,0.1
SAMEA2623446_1545299,NOG.COG0541.meta_raw,SAMEA2623446_1545299_3,3.199999999999999e-185,621.2,24.7
SAMEA2591074_886735,NOG.COG0209.clustalo_raw,SAMEA2591074_886735_1,4.999999999999999e-185,620.9,0.0
SAMEA2623756_2724639,NOG.ENOG410XP2F.meta_raw,SAMEA2623756_2724639_12,1.2999999999999996e-184,619.1,11.8
SAMEA2619782_1077,NOG.COG3046.meta_raw,SAMEA2619782_1077_31,1.4999999999999994e-184,618.2,0.0
SAMEA2622694_5662,NOG.COG1282.meta_raw,SAMEA2622694_5662_1,8.599999999999998e-184,617.3,27.6
SAMEA2591098_31178,NOG.COG2303.clustalo_raw,SAMEA2591098_31178_22,9.999999999999998e-184,616.8,0.0
SAMEA2622821_2165,NOG.COG0719.clustalo_raw,SAMEA2622821_2165_11,2.1999999999999996e-183,615.7,0.0
SAMEA2621423_1973137,NOG.ENOG410XPXW.meta_raw,SAMEA2621423_1973137_3,2.399999999999999e-183,614.8,10.8
SAMEA2621013_884942,NOG.ENOG4111XZ3.meta_raw,SAMEA2621013_884942_1,4.099999999999999e-183,612.6,121.4
SAMEA2623756_2188174,NOG.COG1282.meta_raw,SAMEA2623756_2188174_1,5.699999999999999e-182,611.2,33.3
SAMEA2620979_142417,NOG.COG3046.meta_raw,SAMEA2620979_142417_5,3.1999999999999993e-182,610.5,7.8
SAMEA2622119_1961938,NOG.COG0215.clustalo_raw,SAMEA2622119_1961938_2,2.899999999999999e-181,608.7,0.0
SAMEA2619531_1795340,NOG.COG0326.clustalo_raw,SAMEA2619531_1795340_8,4.599999999999998e-181,608.2,12.9
SAMEA2623059_634052,NOG.COG3046.meta_raw,SAMEA2623059_634052_1,1.9999999999999996e-181,607.9,7.8
SAMEA2619399_1711990,NOG.COG0215.clustalo_raw,SAMEA2619399_1711990_2,5.599999999999999e-181,607.8,0.1
SAMEA2621551_2619725,NOG.COG1760.meta_raw,SAMEA2621551_2619725_3,1.1999999999999997e-180,606.6,0.0
SAMEA2619399_2504432,NOG.COG0215.clustalo_raw,SAMEA2619399_2504432_2,5.199999999999999e-180,604.6,0.0
SAMEA2619399_2654716,NOG.ENOG410XQAP.meta_raw,SAMEA2619399_2654716_10,4.499999999999999e-180,603.9,0.0
SAMEA2620970_14670,NOG.ENOG410XPXW.meta_raw,SAMEA2620970_14670_3,1.1999999999999995e-179,602.6,11.4
SAMEA2619766_6195,NOG.COG0514.clustalo_raw,SAMEA2619766_6195_1,4.099999999999999e-179,600.9,0.5
SAMEA2621020_809721,NOG.COG0065.clustalo_raw,SAMEA2621020_809721_16,1.5999999999999992e-178,599.0,0.1
SAMEA2620980_803529,NOG.ENOG410XPXW.meta_raw,SAMEA2620980_803529_5,1.4999999999999997e-178,598.9,12.6
SAMEA2621020_576510,NOG.COG0215.clustalo_raw,SAMEA2621020_576510_8,3.9999999999999987e-178,598.4,0.1
SAMEA2621155_98458,NOG.COG0541.meta_raw,SAMEA2621155_98458_12,1.2999999999999996e-177,596.1,16.1
SAMEA2621839_1283139,NOG.COG0397.meta_raw,SAMEA2621839_1283139_11,3.2999999999999986e-177,594.9,0.0
SAMEA2623673_937464,NOG.COG0488.clustalo_raw,SAMEA2623673_937464_4,7.099999999999998e-177,594.1,24.0
SAMEA2623868_3012728,NOG.COG0104.clustalo_raw,SAMEA2623868_3012728_14,1.1999999999999997e-176,593.1,0.0
SAMEA2621859_988221,NOG.ENOG410XPXW.meta_raw,SAMEA2621859_988221_4,1.3999999999999994e-176,592.4,13.7
SAMEA2621254_2433940,NOG.ENOG410XPXW.meta_raw,SAMEA2621254_2433940_7,1.6999999999999995e-176,592.1,11.5
SAMEA2591122_191356,NOG.COG1160.clustalo_raw,SAMEA2591122_191356_23,2.1999999999999991e-175,589.0,0.1
SAMEA2621551_160655,NOG.ENOG410XPXW.meta_raw,SAMEA2621551_160655_5,5.899999999999998e-175,587.0,10.0
SAMEA2622149_1980102,NOG.COG0365.clustalo_raw,SAMEA2622149_1980102_1,7.999999999999997e-175,587.0,0.1
SAMEA2619548_214064,NOG.COG0148.meta_raw,SAMEA2619548_214064_5,1.3999999999999993e-174,586.1,1.3
SAMEA2623919_1141576,NOG.COG0148.meta_raw,SAMEA2623919_1141576_1,2.7999999999999986e-174,585.1,0.7
SAMEA2622695_2056724,NOG.COG0138.meta_raw,SAMEA2622695_2056724_1,7.099999999999997e-174,583.9,0.0
SAMEA2623426_536471,NOG.COG0807.clustalo_raw,SAMEA2623426_536471_10,1.7999999999999995e-173,582.8,0.1
SAMEA2622716_702007,NOG.COG1205.clustalo_raw,SAMEA2622716_702007_10,2.5999999999999993e-173,582.2,0.0
SAMEA2619766_9993,NOG.COG0129.clustalo_raw,SAMEA2619766_9993_7,1.2999999999999996e-169,569.9,0.0
SAMEA2623446_1712242,NOG.COG0148.meta_raw,SAMEA2623446_1712242_5,1.6999999999999994e-169,569.2,1.4
SAMEA2622316_640431,NOG.COG0513.clustalo_raw,SAMEA2622316_640431_24,4.599999999999998e-169,568.0,1.2
SAMEA2619907_1642992,NOG.COG0365.clustalo_raw,SAMEA2619907_1642992_7,1.4999999999999993e-168,566.2,0.1
SAMEA2620979_21821,NOG.COG3202.meta_raw,SAMEA2620979_21821_6,3.2999999999999987e-168,565.0,30.0
SAMEA2623774_307932,NOG.ENOG410XPXW.meta_raw,SAMEA2623774_307932_6,4.599999999999998e-168,564.2,12.1
SAMEA2621487_16548,NOG.COG1219.clustalo_raw,SAMEA2621487_16548_4,1.2999999999999996e-167,563.0,0.0
SAMEA2621045_1519010,NOG.ENOG410XPXW.meta_raw,SAMEA2621045_1519010_9,5.9999999999999974e-167,560.5,11.3
SAMEA2591084_327522,NOG.COG0376.clustalo_raw,SAMEA2591084_327522_5,7.199999999999999e-167,560.4,0.1
SAMEA2620979_203537,NOG.COG1243.clustalo_raw,SAMEA2620979_203537_14,1.3999999999999994e-166,560.0,7.7
SAMEA2620230_1031331,NOG.COG1243.clustalo_raw,SAMEA2620230_1031331_19,3.899999999999999e-166,558.5,9.4
SAMEA2619766_6745,NOG.COG0129.clustalo_raw,SAMEA2619766_6745_11,4.999999999999999e-166,557.9,0.0
SAMEA2591108_137790,NOG.COG0129.clustalo_raw,SAMEA2591108_137790_5,1.5999999999999996e-165,556.3,0.0
SAMEA2623627_921618,NOG.COG0513.clustalo_raw,SAMEA2623627_921618_23,6.999999999999997e-165,554.1,0.1
SAMEA2622568_61469,NOG.COG0365.clustalo_raw,SAMEA2622568_61469_1,7.099999999999997e-165,554.0,0.1
SAMEA2622710_1507532,NOG.COG3046.meta_raw,SAMEA2622710_1507532_7,4.699999999999998e-165,553.9,7.2
SAMEA2622766_1594860,NOG.COG0417.clustalo_raw,SAMEA2622766_1594860_1,2.0999999999999995e-164,552.6,11.6
SAMEA2591122_1125353,NOG.COG0148.meta_raw,SAMEA2591122_1125353_2,2.0999999999999995e-164,552.4,0.7
SAMEA2623116_3701610,NOG.COG0148.meta_raw,SAMEA2623116_3701610_2,5.799999999999998e-164,550.9,0.2
SAMEA2621859_1270631,NOG.COG1243.clustalo_raw,SAMEA2621859_1270631_3,1.0999999999999997e-163,550.3,7.2
SAMEA2623116_3441384,NOG.COG1362.clustalo_raw,SAMEA2623116_3441384_6,1.0999999999999997e-163,550.3,0.0
SAMEA2621221_1194624,NOG.COG0513.clustalo_raw,SAMEA2621221_1194624_4,1.5999999999999996e-163,549.6,6.3
SAMEA2619879_770754,NOG.COG3185.meta_raw,SAMEA2619879_770754_11,9.499999999999996e-163,547.1,2.3
SAMEA2591074_375964,NOG.COG1129.clustalo_raw,SAMEA2591074_375964_7,4.199999999999999e-162,544.9,0.1
SAMEA2621487_1556363,NOG.COG3046.meta_raw,SAMEA2621487_1556363_8,2.899999999999999e-162,544.7,1.0
SAMEA2619907_2888032,NOG.COG3046.meta_raw,SAMEA2619907_2888032_6,9.599999999999997e-162,542.9,2.3
SAMEA2620666_7377,NOG.COG1129.clustalo_raw,SAMEA2620666_7377_2,2.6999999999999995e-161,542.2,0.6
SAMEA2619399_3065632,NOG.COG0497.meta_raw,SAMEA2619399_3065632_10,1.3999999999999996e-160,539.6,1.3
SAMEA2620570_292808,NOG.COG1160.clustalo_raw,SAMEA2620570_292808_12,2.699999999999999e-160,539.1,0.6
SAMEA2619927_452494,NOG.COG0188.clustalo_raw,SAMEA2619927_452494_1,9.999999999999996e-160,537.0,10.6
SAMEA2621076_131175,NOG.ENOG410ZVSX.meta_raw,SAMEA2621076_131175_10,3.8999999999999986e-160,536.8,29.1
SAMEA2622801_321873,NOG.COG1160.clustalo_raw,SAMEA2622801_321873_4,1.5999999999999995e-159,536.5,0.9
SAMEA2623627_556729,NOG.ENOG410ZVSX.meta_raw,SAMEA2623627_556729_2,7.199999999999998e-160,535.9,30.1
SAMEA2622336_2152978,NOG.COG3046.meta_raw,SAMEA2622336_2152978_4,1.9999999999999992e-159,535.3,0.5
SAMEA2622219_2257336,NOG.COG0046.clustalo_raw,SAMEA2622219_2257336_1,3.799999999999999e-159,535.1,0.0
SAMEA2621401_1135227,NOG.ENOG4110PAB.meta_raw,SAMEA2621401_1135227_9,6.699999999999998e-160,535.0,9.2
SAMEA2621423_96682,NOG.ENOG4110PAB.meta_raw,SAMEA2621423_96682_6,6.699999999999998e-160,535.0,9.2
SAMEA2619678_18326,NOG.COG3046.meta_raw,SAMEA2619678_18326_6,3.399999999999999e-159,534.5,0.9
SAMEA2619399_1397592,NOG.COG3046.meta_raw,SAMEA2619399_1397592_3,8.099999999999998e-159,533.3,0.0
SAMEA2619907_2852013,NOG.COG3046.meta_raw,SAMEA2619907_2852013_2,1.4999999999999996e-158,532.3,4.1
SAMEA2620217_2385835,NOG.COG2812.clustalo_raw,SAMEA2620217_2385835_6,4.599999999999998e-158,531.9,0.3
SAMEA2621020_1944497,NOG.COG3046.meta_raw,SAMEA2621020_1944497_1,2.7e-158,531.5,1.1
SAMEA2591084_1130515,NOG.COG3046.meta_raw,SAMEA2591084_1130515_11,3.4999999999999993e-158,531.2,1.0
SAMEA2620979_1664180,NOG.COG4581.meta_raw,SAMEA2620979_1664180_10,9.699999999999997e-158,530.7,0.1
SAMEA2619399_1989091,NOG.COG4581.meta_raw,SAMEA2619399_1989091_2,4.399999999999999e-157,528.5,0.0
SAMEA2623756_3130992,NOG.COG3653.meta_raw,SAMEA2623756_3130992_1,5.699999999999999e-157,527.7,0.0
SAMEA2623116_2402565,NOG.COG0129.clustalo_raw,SAMEA2623116_2402565_8,7.499999999999997e-157,527.5,0.0
SAMEA2621423_375348,NOG.COG4642.clustalo_raw,SAMEA2621423_375348_8,5.799999999999998e-157,527.2,205.0
SAMEA2621839_95136,NOG.COG3046.meta_raw,SAMEA2621839_95136_24,6.399999999999999e-156,523.7,0.0
SAMEA2622173_2107630,NOG.COG4581.meta_raw,SAMEA2622173_2107630_4,1.5999999999999994e-155,523.3,0.0
SAMEA2619667_7989,NOG.COG3839.clustalo_raw,SAMEA2619667_7989_3,2.0999999999999993e-155,522.9,0.1
SAMEA2619667_4709,NOG.COG1570.clustalo_raw,SAMEA2619667_4709_5,6.599999999999998e-155,521.1,0.2
SAMEA2623627_1525500,NOG.ENOG410XPXW.meta_raw,SAMEA2623627_1525500_6,9.999999999999998e-155,519.9,7.7
SAMEA2619782_3066,NOG.COG1088.clustalo_raw,SAMEA2619782_3066_7,3.699999999999999e-154,518.4,2.0
SAMEA2619548_1963449,NOG.COG3839.clustalo_raw,SAMEA2619548_1963449_2,6.2e-154,518.0,0.1
SAMEA2619376_4869,NOG.COG0260.clustalo_raw,SAMEA2619376_4869_6,7.199999999999999e-154,517.7,10.4
SAMEA2622801_2300419,NOG.COG3046.meta_raw,SAMEA2622801_2300419_3,4.899999999999999e-154,517.5,0.4
SAMEA2621423_2060803,NOG.ENOG4111F5F.meta_raw,SAMEA2621423_2060803_6,1.3999999999999998e-153,514.2,0.0
SAMEA2622119_2686883,NOG.COG3046.meta_raw,SAMEA2622119_2686883_6,1.7999999999999995e-151,509.1,0.0
SAMEA2622822_262279,NOG.COG0608.meta_raw,SAMEA2622822_262279_4,3.099999999999999e-151,508.5,7.4
SAMEA2620980_1294662,NOG.COG1570.clustalo_raw,SAMEA2620980_1294662_7,2.2999999999999992e-150,506.1,0.4
SAMEA2620979_610591,NOG.COG0028.clustalo_raw,SAMEA2620979_610591_3,2.7999999999999994e-150,505.7,0.0
SAMEA2620734_222131,NOG.COG3046.meta_raw,SAMEA2620734_222131_4,7.099999999999998e-150,503.8,0.0
SAMEA2623116_1723938,NOG.COG0138.meta_raw,SAMEA2623116_1723938_2,1.4999999999999996e-149,503.3,0.0
SAMEA2622710_2374628,NOG.COG0306.meta_raw,SAMEA2622710_2374628_4,1.5999999999999994e-149,503.0,49.5
SAMEA2621203_2414717,NOG.COG4581.meta_raw,SAMEA2621203_2414717_2,1.1999999999999997e-148,500.6,0.0
SAMEA2622119_968173,NOG.COG0621.clustalo_raw,SAMEA2622119_968173_4,3.199999999999999e-146,492.3,0.3
SAMEA2621204_1359830,NOG.COG4581.meta_raw,SAMEA2621204_1359830_26,9.099999999999997e-146,491.0,3.4
SAMEA2620980_497774,NOG.COG2379.meta_raw,SAMEA2620980_497774_8,1.1999999999999995e-145,490.1,9.3
SAMEA2619399_3047940,NOG.ENOG410XUFP.meta_raw,SAMEA2619399_3047940_32,1.8999999999999994e-144,486.0,1.0
SAMEA2620828_2648935,NOG.COG0513.clustalo_raw,SAMEA2620828_2648935_13,1.5999999999999995e-143,483.2,0.0
SAMEA2623826_2535505,NOG.COG0513.clustalo_raw,SAMEA2623826_2535505_16,3.499999999999999e-143,482.1,0.0
SAMEA2619766_7695,NOG.COG1570.clustalo_raw,SAMEA2619766_7695_3,6.799999999999998e-143,481.4,0.0
SAMEA2622837_2096723,NOG.COG2252.clustalo_raw,SAMEA2622837_2096723_19,1.3999999999999995e-142,480.0,57.3
SAMEA2622737_1246822,NOG.COG0608.meta_raw,SAMEA2622737_1246822_4,6.999999999999999e-142,477.6,5.3
SAMEA2619667_4321,NOG.COG1570.clustalo_raw,SAMEA2619667_4321_3,1.0999999999999998e-141,477.4,0.0
SAMEA2619907_993517,NOG.COG0761.clustalo_raw,SAMEA2619907_993517_2,1.7999999999999998e-141,477.1,7.4
SAMEA2622478_1156587,NOG.COG0608.meta_raw,SAMEA2622478_1156587_3,3.7999999999999987e-141,475.2,7.0
SAMEA2591122_2271310,NOG.COG0541.meta_raw,SAMEA2591122_2271310_1,1.2999999999999997e-140,473.8,8.0
SAMEA2621277_2055901,NOG.COG0365.clustalo_raw,SAMEA2621277_2055901_6,1.6999999999999993e-140,473.1,0.0
SAMEA2619818_2315,NOG.COG1570.clustalo_raw,SAMEA2619818_2315_9,3.699999999999999e-140,472.3,0.0
SAMEA2591084_1427084,NOG.COG1570.clustalo_raw,SAMEA2591084_1427084_4,3.999999999999999e-140,472.2,0.0
SAMEA2622219_31349,NOG.COG0358.clustalo_raw,SAMEA2622219_31349_11,4.6999999999999995e-140,471.6,0.0
SAMEA2622822_1061884,NOG.COG0365.clustalo_raw,SAMEA2622822_1061884_1,3.9999999999999994e-139,468.6,0.0
SAMEA2620980_1429918,NOG.COG0161.clustalo_raw,SAMEA2620980_1429918_6,5.699999999999999e-139,468.3,0.0
SAMEA2622764_822064,NOG.COG1570.clustalo_raw,SAMEA2622764_822064_6,2.1999999999999996e-138,466.5,0.0
SAMEA2623059_369076,NOG.COG2274.meta_raw,SAMEA2623059_369076_1,1.7999999999999998e-138,466.4,3.6
SAMEA2620570_2349695,NOG.COG0536.meta_raw,SAMEA2620570_2349695_5,2.899999999999999e-138,465.8,4.0
SAMEA2591108_404444,NOG.COG0034.clustalo_raw,SAMEA2591108_404444_2,7.4e-138,464.9,0.0
SAMEA2623463_1412153,NOG.COG1243.clustalo_raw,SAMEA2623463_1412153_9,1.8999999999999995e-137,463.5,2.5
SAMEA2622690_549458,NOG.ENOG4110K9V.meta_raw,SAMEA2622690_549458_9,9.699999999999997e-138,463.3,20.5
SAMEA2622837_2510011,NOG.COG0365.clustalo_raw,SAMEA2622837_2510011_6,2.0999999999999992e-137,462.9,0.0
SAMEA2619879_313579,NOG.COG2274.meta_raw,SAMEA2619879_313579_2,2.8999999999999994e-137,462.4,1.6
SAMEA2619531_913490,NOG.COG0595.meta_raw,SAMEA2619531_913490_2,4.299999999999999e-136,458.6,0.0
SAMEA2620194_943871,NOG.COG2274.meta_raw,SAMEA2620194_943871_10,1.4999999999999994e-135,456.8,0.3
SAMEA2621075_1882793,NOG.COG0444.clustalo_raw,SAMEA2621075_1882793_7,2.899999999999999e-135,456.1,0.0
SAMEA2620672_245924,NOG.ENOG4111G1C.meta_raw,SAMEA2620672_245924_7,1.9999999999999995e-135,455.8,0.2
SAMEA2623079_4378542,NOG.COG0444.clustalo_raw,SAMEA2623079_4378542_3,4.6999999999999985e-135,455.5,0.0
SAMEA2620929_1889583,NOG.COG2274.meta_raw,SAMEA2620929_1889583_3,4.299999999999999e-135,455.2,0.5
SAMEA2620217_233994,NOG.COG1505.meta_raw,SAMEA2620217_233994_1,7.099999999999998e-135,455.0,0.0
SAMEA2623079_3066221,NOG.ENOG410XPJB.meta_raw,SAMEA2623079_3066221_6,2.9999999999999995e-134,451.4,40.1
SAMEA2623808_1740844,NOG.COG2274.meta_raw,SAMEA2623808_1740844_2,7.199999999999999e-134,451.2,5.4
SAMEA2619548_2353923,NOG.COG2274.meta_raw,SAMEA2619548_2353923_5,9.999999999999999e-134,450.7,6.5
SAMEA2591074_1191599,NOG.COG2274.meta_raw,SAMEA2591074_1191599_5,2.6999999999999995e-133,449.3,1.1
SAMEA2621132_1844252,NOG.COG2274.meta_raw,SAMEA2621132_1844252_2,3.599999999999999e-133,448.9,1.6
SAMEA2623079_383332,NOG.COG2274.meta_raw,SAMEA2623079_383332_2,4.499999999999999e-133,448.6,5.2
SAMEA2621075_2553554,NOG.COG2274.meta_raw,SAMEA2621075_2553554_6,4.499999999999999e-133,448.5,5.5
SAMEA2621132_987846,NOG.COG3876.meta_raw,SAMEA2621132_987846_2,4.7999999999999984e-132,445.5,0.0
SAMEA2622452_893631,NOG.COG0208.meta_raw,SAMEA2622452_893631_20,5.999999999999997e-132,445.0,4.2
SAMEA2619531_2043101,NOG.COG4870.clustalo_raw,SAMEA2619531_2043101_6,6.199999999999999e-132,444.0,11.5
SAMEA2620980_410171,NOG.COG0018.clustalo_raw,SAMEA2620980_410171_4,9.999999999999997e-132,444.0,0.9
SAMEA2623116_1329443,NOG.COG0207.meta_raw,SAMEA2623116_1329443_7,6.999999999999998e-129,435.2,7.9
SAMEA2622219_2274403,NOG.ENOG410XQV5.meta_raw,SAMEA2622219_2274403_7,4.399999999999999e-128,432.6,16.1
SAMEA2623463_2283511,NOG.COG0086.clustalo_raw,SAMEA2623463_2283511_1,1.3999999999999996e-127,430.1,3.1
SAMEA2622452_3096909,NOG.COG0034.clustalo_raw,SAMEA2622452_3096909_9,6.199999999999999e-126,425.4,0.1
SAMEA2619678_1441038,NOG.COG2204.clustalo_raw,SAMEA2619678_1441038_7,5.4999999999999986e-126,425.1,0.3
SAMEA2619818_1170,NOG.ENOG410XP5Y.meta_raw,SAMEA2619818_1170_9,1.4999999999999994e-125,424.1,28.6
SAMEA2591108_1658860,NOG.COG0513.clustalo_raw,SAMEA2591108_1658860_1,1.7999999999999998e-125,423.4,0.0
SAMEA2619531_827535,NOG.COG0513.clustalo_raw,SAMEA2619531_827535_12,1.9999999999999998e-125,423.2,0.1
SAMEA2621203_2823947,NOG.COG1250.clustalo_raw,SAMEA2621203_2823947_3,6.4e-125,421.8,0.0
SAMEA2622837_2773651,NOG.COG0365.clustalo_raw,SAMEA2622837_2773651_12,6.2999999999999994e-124,418.2,0.0
SAMEA2619952_1663645,NOG.COG0507.clustalo_raw,SAMEA2619952_1663645_29,3.399999999999999e-124,418.0,0.5
SAMEA2621020_2509357,NOG.COG4581.meta_raw,SAMEA2621020_2509357_13,2.9999999999999995e-123,416.5,0.0
SAMEA2621132_1121046,NOG.COG4581.meta_raw,SAMEA2621132_1121046_24,2.6e-122,413.4,0.0
SAMEA2619907_1254734,NOG.COG0365.clustalo_raw,SAMEA2619907_1254734_11,6.299999999999999e-122,411.5,0.0
SAMEA2621232_2183561,NOG.COG0415.clustalo_raw,SAMEA2621232_2183561_3,1.1999999999999998e-121,410.9,1.7
SAMEA2622766_213679,NOG.COG0339.clustalo_raw,SAMEA2622766_213679_15,3.8999999999999994e-122,410.8,0.4
SAMEA2620979_1214679,NOG.COG0034.clustalo_raw,SAMEA2620979_1214679_21,2.3999999999999996e-121,410.2,0.0
SAMEA2622097_198419,NOG.COG0465.clustalo_raw,SAMEA2622097_198419_7,2.7999999999999993e-121,410.1,0.0
SAMEA2621259_2616127,NOG.COG0372.clustalo_raw,SAMEA2621259_2616127_3,2.4999999999999995e-121,409.7,0.0
SAMEA2621839_1759784,NOG.COG0208.meta_raw,SAMEA2621839_1759784_2,4.099999999999998e-121,409.2,11.2
SAMEA2619531_560971,NOG.COG4870.clustalo_raw,SAMEA2619531_560971_3,1.9999999999999995e-121,409.1,12.0
SAMEA2621203_2922243,NOG.COG0465.clustalo_raw,SAMEA2621203_2922243_12,1.5999999999999996e-120,407.6,1.2
SAMEA2619399_720605,NOG.ENOG410XPK7.meta_raw,SAMEA2619399_720605_3,4.399999999999999e-121,407.5,0.0
SAMEA2623059_1154397,NOG.COG0018.clustalo_raw,SAMEA2623059_1154397_3,1.4999999999999995e-120,407.0,6.8
SAMEA2623756_980485,NOG.COG1054.clustalo_raw,SAMEA2623756_980485_16,1.9999999999999996e-120,406.9,0.1
SAMEA2623463_73921,NOG.COG0372.clustalo_raw,SAMEA2623463_73921_4,2.4999999999999997e-120,406.5,0.0
SAMEA2622173_82207,NOG.ENOG411005F.meta_raw,SAMEA2622173_82207_15,3.0999999999999995e-120,406.2,9.7
SAMEA2622695_257008,NOG.COG0018.clustalo_raw,SAMEA2622695_257008_4,5.199999999999999e-120,405.2,4.2
SAMEA2621075_480974,NOG.COG0372.clustalo_raw,SAMEA2621075_480974_5,6.199999999999999e-120,405.1,0.0
SAMEA2623649_471313,NOG.COG0415.clustalo_raw,SAMEA2623649_471313_10,7.099999999999999e-120,405.1,2.3
SAMEA2591122_833909,NOG.COG4581.meta_raw,SAMEA2591122_833909_12,7.199999999999998e-119,401.9,0.0
SAMEA2619399_3283695,NOG.COG0372.clustalo_raw,SAMEA2619399_3283695_3,9.699999999999997e-118,397.9,0.0
SAMEA2623734_2276203,NOG.COG4935.meta_raw,SAMEA2623734_2276203_1,4.099999999999999e-117,395.8,9.4
SAMEA2621487_1689284,NOG.COG1301.clustalo_raw,SAMEA2621487_1689284_11,2.999999999999999e-116,393.1,44.8
SAMEA2619782_6070,NOG.COG1004.clustalo_raw,SAMEA2619782_6070_1,4.0999999999999993e-116,392.2,0.0
SAMEA2621487_1177319,NOG.COG0507.clustalo_raw,SAMEA2621487_1177319_2,2.1999999999999998e-116,392.1,1.2
SAMEA2622716_1030288,NOG.COG0004.meta_raw,SAMEA2622716_1030288_3,1.9999999999999994e-115,390.3,35.2
SAMEA2591108_697781,NOG.COG0788.meta_raw,SAMEA2591108_697781_1,4.599999999999999e-115,389.2,0.6
SAMEA2623275_2099480,NOG.COG0207.meta_raw,SAMEA2623275_2099480_8,1.0999999999999997e-114,388.2,2.2
SAMEA2619952_956192,NOG.COG4870.clustalo_raw,SAMEA2619952_956192_14,4.699999999999999e-115,388.0,15.5
SAMEA2619782_21286,NOG.COG0372.clustalo_raw,SAMEA2619782_21286_2,1.8999999999999996e-114,387.0,0.0
SAMEA2620995_3043124,NOG.COG0415.clustalo_raw,SAMEA2620995_3043124_2,3.2999999999999996e-114,386.2,1.7
SAMEA2619766_2573,NOG.ENOG410XQR9.meta_raw,SAMEA2619766_2573_8,1.4999999999999997e-114,386.1,0.0
SAMEA2620065_1362,NOG.COG0017.clustalo_raw,SAMEA2620065_1362_2,2.9999999999999994e-114,385.7,0.0
SAMEA2591074_180874,NOG.COG4993.meta_raw,SAMEA2591074_180874_6,5.299999999999998e-114,385.4,11.8
SAMEA2620666_34680,NOG.COG0044.clustalo_raw,SAMEA2620666_34680_2,5.499999999999999e-114,385.0,0.0
SAMEA2621216_2293027,NOG.COG0207.meta_raw,SAMEA2621216_2293027_8,1.6999999999999998e-113,384.3,0.9
SAMEA2623135_2689174,NOG.ENOG4111Z5J.meta_raw,SAMEA2623135_2689174_7,2.6999999999999994e-113,382.9,2.0
SAMEA2623079_983029,NOG.COG0207.meta_raw,SAMEA2623079_983029_4,9.999999999999998e-113,381.7,3.2
SAMEA2622219_4424780,NOG.COG3380.meta_raw,SAMEA2622219_4424780_5,1.4999999999999998e-112,380.9,0.0
SAMEA2620021_659465,NOG.COG2355.meta_raw,SAMEA2620021_659465_21,3.4999999999999995e-112,379.0,0.0
SAMEA2623275_815365,NOG.COG5049.meta_raw,SAMEA2623275_815365_5,4.599999999999999e-112,378.9,18.9
SAMEA2623426_1843906,NOG.COG0207.meta_raw,SAMEA2623426_1843906_4,1.5999999999999997e-111,377.8,1.2
SAMEA2591108_1566718,NOG.COG0612.clustalo_raw,SAMEA2591108_1566718_13,1.0999999999999998e-110,375.0,0.1
SAMEA2620828_3030764,NOG.COG0207.meta_raw,SAMEA2620828_3030764_3,1.0999999999999998e-110,374.9,0.2
SAMEA2623116_3298379,NOG.COG1233.clustalo_raw,SAMEA2623116_3298379_13,2.1e-110,374.0,0.1
SAMEA2620979_1481628,NOG.COG0207.meta_raw,SAMEA2620979_1481628_36,3.199999999999999e-110,373.4,0.4
SAMEA2621839_920654,NOG.ENOG410ZWHC.meta_raw,SAMEA2621839_920654_5,4.4999999999999995e-110,372.5,0.0
SAMEA2622733_715709,NOG.COG0044.clustalo_raw,SAMEA2622733_715709_3,6.699999999999999e-110,371.4,0.0
SAMEA2622765_1886921,NOG.COG0207.meta_raw,SAMEA2622765_1886921_7,1.4e-109,371.2,1.6
SAMEA2621779_592057,NOG.COG0207.meta_raw,SAMEA2621779_592057_8,1.6999999999999998e-109,371.0,1.1
SAMEA2620194_2510007,NOG.COG0082.meta_raw,SAMEA2620194_2510007_4,2.5999999999999994e-109,369.1,0.3
SAMEA2619782_13961,NOG.COG3842.clustalo_raw,SAMEA2619782_13961_4,4.999999999999999e-109,369.1,0.0
SAMEA2619531_2379000,NOG.COG1087.clustalo_raw,SAMEA2619531_2379000_10,2.1999999999999994e-108,366.3,0.0
SAMEA2621277_1582956,NOG.COG3653.meta_raw,SAMEA2621277_1582956_2,3.899999999999999e-108,366.0,1.4
SAMEA2623275_91194,NOG.COG4870.clustalo_raw,SAMEA2623275_91194_15,2.1999999999999994e-108,365.8,8.2
SAMEA2619888_13449,NOG.COG3842.clustalo_raw,SAMEA2619888_13449_2,1.4999999999999995e-107,364.2,0.0
SAMEA2621423_1552228,NOG.ENOG410XQR9.meta_raw,SAMEA2621423_1552228_7,7.699999999999998e-108,364.0,0.0
SAMEA2620339_2097359,NOG.COG1233.clustalo_raw,SAMEA2620339_2097359_7,3.1999999999999995e-107,363.5,0.3
SAMEA2621779_133093,NOG.COG2605.meta_raw,SAMEA2621779_133093_6,1.9999999999999997e-107,363.5,0.1
SAMEA2622842_1863578,NOG.COG0207.meta_raw,SAMEA2622842_1863578_7,3.799999999999999e-107,363.2,5.7
SAMEA2623295_1786585,NOG.COG0044.clustalo_raw,SAMEA2623295_1786585_4,3.8999999999999995e-107,362.3,0.0
SAMEA2621260_77361,NOG.COG0406.clustalo_raw,SAMEA2621260_77361_8,9.499999999999997e-107,361.8,0.0
SAMEA2623850_3073888,NOG.COG0415.clustalo_raw,SAMEA2623850_3073888_6,1.3999999999999995e-106,360.9,0.0
SAMEA2591057_648810,NOG.COG0207.meta_raw,SAMEA2591057_648810_14,4.399999999999999e-106,359.7,1.1
SAMEA2621812_1247311,NOG.ENOG410XPZ7.meta_raw,SAMEA2621812_1247311_4,1.3999999999999995e-106,358.9,0.0
SAMEA2619952_1677347,NOG.COG0002.meta_raw,SAMEA2619952_1677347_8,9.3e-106,358.1,0.3
SAMEA2621536_822057,NOG.COG0207.meta_raw,SAMEA2621536_822057_7,2.9999999999999993e-105,357.0,2.9
SAMEA2619927_201882,NOG.COG0026.meta_raw,SAMEA2619927_201882_6,1.9999999999999995e-104,353.9,0.8
SAMEA2619857_1137559,NOG.COG1398.meta_raw,SAMEA2619857_1137559_4,4.9999999999999985e-104,352.7,13.6
SAMEA2621221_2388300,NOG.COG0190.clustalo_raw,SAMEA2621221_2388300_7,1.5999999999999996e-103,350.5,3.0
SAMEA2619678_663006,NOG.ENOG410XQR9.meta_raw,SAMEA2619678_663006_5,2.6999999999999996e-103,349.0,4.8
SAMEA2623627_1069644,NOG.COG4294.meta_raw,SAMEA2623627_1069644_12,8.299999999999998e-103,348.4,0.2
SAMEA2621203_2140394,NOG.COG0207.meta_raw,SAMEA2621203_2140394_2,2.4999999999999994e-101,344.0,0.1
SAMEA2620929_631349,NOG.COG1233.clustalo_raw,SAMEA2620929_631349_6,4.5e-101,343.1,0.4
SAMEA2620651_1489435,NOG.COG3588.meta_raw,SAMEA2620651_1489435_4,7.499999999999998e-101,342.1,0.0
SAMEA2621536_1493439,NOG.COG1233.clustalo_raw,SAMEA2621536_1493439_3,9.999999999999998e-101,342.0,0.2
SAMEA2620672_1088177,NOG.COG0415.clustalo_raw,SAMEA2620672_1088177_1,8.399999999999997e-101,341.8,0.1
SAMEA2621254_861016,NOG.COG0507.clustalo_raw,SAMEA2621254_861016_8,1.6999999999999996e-100,339.3,0.0
SAMEA2620081_1111313,NOG.COG1233.clustalo_raw,SAMEA2620081_1111313_6,6.699999999999999e-100,339.2,0.0
SAMEA2620979_1389619,NOG.COG1243.clustalo_raw,SAMEA2620979_1389619_1,1.4999999999999996e-99,338.0,3.7
SAMEA2622710_2303590,NOG.ENOG410XQ7Y.clustalo_raw,SAMEA2622710_2303590_10,1.1e-98,334.7,10.2
SAMEA2619782_18679,NOG.COG0414.clustalo_raw,SAMEA2619782_18679_6,3.6999999999999996e-98,333.1,0.0
SAMEA2622219_812855,NOG.ENOG410ZXQA.meta_raw,SAMEA2622219_812855_26,6.999999999999999e-98,332.2,0.0
SAMEA2619548_790908,NOG.COG0414.clustalo_raw,SAMEA2619548_790908_6,9.799999999999998e-98,331.7,0.0
SAMEA2619766_7030,NOG.ENOG410XQR9.meta_raw,SAMEA2619766_7030_5,8.3e-98,331.0,1.2
SAMEA2591108_599275,NOG.COG1233.clustalo_raw,SAMEA2591108_599275_9,9.3e-97,328.8,0.0
SAMEA2622518_556882,NOG.COG1233.clustalo_raw,SAMEA2622518_556882_4,1.1e-96,328.6,0.0
SAMEA2621203_2829073,NOG.COG2046.clustalo_raw,SAMEA2621203_2829073_1,9.399999999999998e-97,328.0,0.0
SAMEA2619952_2510919,NOG.ENOG410YFEH.meta_raw,SAMEA2619952_2510919_7,2.2e-96,326.8,0.3
SAMEA2622822_409924,NOG.COG0365.clustalo_raw,SAMEA2622822_409924_1,2.2999999999999996e-96,326.7,0.0
SAMEA2622316_2540784,NOG.COG1469.meta_raw,SAMEA2622316_2540784_13,2.8999999999999995e-96,326.3,0.0
SAMEA2621401_154863,NOG.COG0415.clustalo_raw,SAMEA2621401_154863_3,4.499999999999999e-95,322.8,2.1
SAMEA2621045_731448,NOG.COG1233.clustalo_raw,SAMEA2621045_731448_6,9.199999999999997e-95,322.2,0.0
SAMEA2620980_1995190,NOG.ENOG410XQR9.meta_raw,SAMEA2620980_1995190_3,4.7999999999999996e-95,321.9,0.1
SAMEA2621278_1852588,NOG.COG1233.clustalo_raw,SAMEA2621278_1852588_4,1.0999999999999999e-94,321.9,0.0
SAMEA2619376_12716,NOG.COG2818.meta_raw,SAMEA2619376_12716_10,3.4e-94,320.2,0.1
SAMEA2622402_3172137,NOG.ENOG4111XZ3.meta_raw,SAMEA2622402_3172137_15,4.799999999999999e-94,319.3,67.1
SAMEA2619548_2907062,NOG.COG1233.clustalo_raw,SAMEA2619548_2907062_8,8.499999999999999e-94,319.0,0.0
SAMEA2621259_2156440,NOG.ENOG410YUUV.meta_raw,SAMEA2621259_2156440_1,2.1999999999999997e-94,318.5,105.3
SAMEA2621812_672916,NOG.COG0415.clustalo_raw,SAMEA2621812_672916_3,9.599999999999998e-94,318.4,1.2
SAMEA2622733_1105806,NOG.COG1089.meta_raw,SAMEA2622733_1105806_4,4.9e-93,316.2,0.0
SAMEA2620979_525353,NOG.COG0793.clustalo_raw,SAMEA2620979_525353_6,6.999999999999998e-93,315.7,0.6
SAMEA2622074_1468380,NOG.COG3956.meta_raw,SAMEA2622074_1468380_2,6.5e-93,315.6,0.5
SAMEA2619879_718344,NOG.COG1233.clustalo_raw,SAMEA2619879_718344_3,5.5999999999999984e-92,313.0,0.0
SAMEA2621423_1984023,NOG.ENOG4111XZ3.meta_raw,SAMEA2621423_1984023_1,2.899999999999999e-91,310.1,44.8
SAMEA2591108_902452,NOG.ENOG410XNW1.clustalo_raw,SAMEA2591108_902452_6,3.9999999999999995e-91,309.9,3.1
SAMEA2619952_461955,NOG.ENOG4111HFE.meta_raw,SAMEA2619952_461955_3,1.6999999999999996e-91,309.6,15.2
SAMEA2622074_2562117,NOG.ENOG4111F32.meta_raw,SAMEA2622074_2562117_2,6.6999999999999995e-90,305.8,0.0
SAMEA2621203_2414665,NOG.COG0484.clustalo_raw,SAMEA2621203_2414665_4,1.7e-89,303.3,7.2
SAMEA2621203_2456461,NOG.COG2335.clustalo_raw,SAMEA2621203_2456461_5,9.499999999999997e-89,301.5,15.0
SAMEA2621401_1395001,NOG.COG0415.clustalo_raw,SAMEA2621401_1395001_2,2e-88,300.7,7.4
SAMEA2622149_2236601,NOG.ENOG4111G9N.meta_raw,SAMEA2622149_2236601_6,7.699999999999998e-89,300.6,16.5
SAMEA2619840_332498,NOG.COG1126.clustalo_raw,SAMEA2619840_332498_3,3.2999999999999996e-87,297.1,0.0
SAMEA2622336_531757,NOG.ENOG410XQHD.meta_raw,SAMEA2622336_531757_12,2.399999999999999e-87,297.1,58.4
SAMEA2619667_18279,NOG.ENOG4111G9N.meta_raw,SAMEA2619667_18279_8,9.899999999999999e-88,297.0,16.7
SAMEA2620230_1978717,NOG.COG1136.clustalo_raw,SAMEA2620230_1978717_12,4.199999999999999e-87,296.8,0.1
SAMEA2621101_2045660,NOG.COG0365.clustalo_raw,SAMEA2621101_2045660_7,2.399999999999999e-87,296.8,0.0
SAMEA2621287_2831940,NOG.COG0365.clustalo_raw,SAMEA2621287_2831940_6,1.2999999999999997e-86,294.4,0.0
SAMEA2619952_2129272,NOG.COG1796.clustalo_raw,SAMEA2619952_2129272_13,4.7999999999999995e-86,293.0,0.5
SAMEA2621260_1410034,NOG.ENOG410Z3FZ.meta_raw,SAMEA2621260_1410034_1,6.699999999999999e-86,292.7,20.9
SAMEA2621020_717986,NOG.ENOG4111G9N.meta_raw,SAMEA2621020_717986_6,9.5e-86,290.5,16.3
SAMEA2623850_2812431,NOG.ENOG4111G9N.meta_raw,SAMEA2623850_2812431_8,1.5999999999999996e-85,289.7,13.4
SAMEA2621045_2007876,NOG.ENOG4111G9N.meta_raw,SAMEA2621045_2007876_7,2.2999999999999997e-85,289.2,15.0
SAMEA2623135_729787,NOG.COG2849.meta_raw,SAMEA2623135_729787_3,7.899999999999999e-85,288.7,0.0
SAMEA2620273_15753,NOG.ENOG4111G9N.meta_raw,SAMEA2620273_15753_4,3.499999999999999e-85,288.6,12.1
SAMEA2619548_2864805,NOG.ENOG4111G9N.meta_raw,SAMEA2619548_2864805_10,6.099999999999999e-85,287.8,14.8
SAMEA2622452_968957,NOG.ENOG4111G9N.meta_raw,SAMEA2622452_968957_1,2.8999999999999993e-84,285.6,18.7
SAMEA2622518_2681488,NOG.ENOG4111G9N.meta_raw,SAMEA2622518_2681488_9,3.5999999999999996e-84,285.3,17.8
SAMEA2591122_492929,NOG.COG0270.clustalo_raw,SAMEA2591122_492929_7,5.599999999999999e-84,285.1,0.0
SAMEA2621198_998276,NOG.COG0020.clustalo_raw,SAMEA2621198_998276_6,8.3e-84,285.0,0.1
SAMEA2622695_1683057,NOG.ENOG4111G9N.meta_raw,SAMEA2622695_1683057_1,8.4e-84,284.1,16.3
SAMEA2622796_146045,NOG.ENOG4111G9N.meta_raw,SAMEA2622796_146045_1,2.9999999999999994e-83,282.3,19.3
SAMEA2623627_2510910,NOG.ENOG410XSIT.meta_raw,SAMEA2623627_2510910_7,1.3e-82,281.0,8.9
SAMEA2591122_1975622,NOG.COG0104.clustalo_raw,SAMEA2591122_1975622_2,1.8999999999999995e-82,280.9,0.1
SAMEA2620879_18208,NOG.ENOG4111G9N.meta_raw,SAMEA2620879_18208_4,9.799999999999999e-83,280.6,13.5
SAMEA2621020_821955,NOG.COG2239.clustalo_raw,SAMEA2621020_821955_3,3.1999999999999995e-82,280.6,11.6
SAMEA2623627_1549160,NOG.ENOG4111G9N.meta_raw,SAMEA2623627_1549160_3,1.1999999999999997e-82,280.3,19.9
SAMEA2621812_1161027,NOG.ENOG4111RA9.meta_raw,SAMEA2621812_1161027_4,2.3999999999999995e-82,280.1,48.1
SAMEA2623426_1027111,NOG.ENOG4111HFE.meta_raw,SAMEA2623426_1027111_7,2.799999999999999e-82,279.4,18.2
SAMEA2620970_626409,NOG.ENOG4111G9N.meta_raw,SAMEA2620970_626409_5,2.6e-82,279.2,19.2
SAMEA2619857_117796,NOG.COG0415.clustalo_raw,SAMEA2619857_117796_5,2.7e-81,277.1,0.0
SAMEA2619802_13428,NOG.COG0461.meta_raw,SAMEA2619802_13428_9,3.4e-81,277.0,1.0
SAMEA2620756_1071958,NOG.COG4067.meta_raw,SAMEA2620756_1071958_6,4.299999999999999e-81,276.9,0.0
SAMEA2620035_1387165,NOG.ENOG4111G9N.meta_raw,SAMEA2620035_1387165_2,1.8999999999999997e-81,276.4,18.2
SAMEA2622545_2054560,NOG.COG1112.clustalo_raw,SAMEA2622545_2054560_3,1.0999999999999997e-81,275.9,15.1
SAMEA2619531_1915020,NOG.ENOG4111G9N.meta_raw,SAMEA2619531_1915020_8,8e-81,274.4,13.4
SAMEA2619766_24392,NOG.COG1054.clustalo_raw,SAMEA2619766_24392_2,2.0999999999999996e-80,274.2,25.2
SAMEA2622074_1164127,NOG.COG4642.clustalo_raw,SAMEA2622074_1164127_8,1.6e-80,273.5,64.3
SAMEA2623446_312823,NOG.COG2239.clustalo_raw,SAMEA2623446_312823_5,5.899999999999999e-80,273.1,15.0
SAMEA2622097_968367,NOG.ENOG4111G9N.meta_raw,SAMEA2622097_968367_6,4.3999999999999995e-80,271.9,16.2
SAMEA2620980_1416762,NOG.ENOG4111G9N.meta_raw,SAMEA2620980_1416762_3,5.899999999999999e-80,271.5,18.0
SAMEA2621045_1018390,NOG.ENOG4111G9N.meta_raw,SAMEA2621045_1018390_7,2.2999999999999995e-79,269.6,13.1
SAMEA2620210_22238,NOG.COG1674.clustalo_raw,SAMEA2620210_22238_1,1.5999999999999995e-78,267.5,0.0
SAMEA2620404_1869347,NOG.ENOG410Y7JF.clustalo_raw,SAMEA2620404_1869347_4,1.4999999999999997e-78,267.2,9.1
SAMEA2591122_1900564,NOG.COG0415.clustalo_raw,SAMEA2591122_1900564_4,2.5e-78,267.2,0.3
SAMEA2621013_409468,NOG.COG0147.clustalo_raw,SAMEA2621013_409468_4,6.9e-78,265.8,0.0
SAMEA2621076_2297893,NOG.COG0807.clustalo_raw,SAMEA2621076_2297893_6,5.399999999999999e-77,263.3,0.5
SAMEA2621203_2439172,NOG.COG0326.clustalo_raw,SAMEA2621203_2439172_9,7.499999999999998e-77,262.4,5.0
SAMEA2621132_2082047,NOG.COG0034.clustalo_raw,SAMEA2621132_2082047_22,1.0999999999999999e-75,259.0,0.0
SAMEA2622545_497020,NOG.ENOG4111G9N.meta_raw,SAMEA2622545_497020_8,5.9e-76,258.4,18.0
SAMEA2619782_11308,NOG.ENOG4111G9N.meta_raw,SAMEA2619782_11308_2,6.299999999999999e-76,258.3,18.5
SAMEA2623079_1763600,NOG.ENOG4111G9N.meta_raw,SAMEA2623079_1763600_7,7.699999999999999e-76,258.0,20.0
SAMEA2620230_760875,NOG.COG1702.meta_raw,SAMEA2620230_760875_10,3.8999999999999996e-75,256.4,0.0
SAMEA2621260_2233801,NOG.ENOG4111G9N.meta_raw,SAMEA2621260_2233801_12,2.599999999999999e-75,256.3,17.4
SAMEA2623919_1299782,NOG.COG0507.clustalo_raw,SAMEA2623919_1299782_8,1.7999999999999995e-75,256.3,0.0
SAMEA2620339_2714839,NOG.COG1702.meta_raw,SAMEA2620339_2714839_2,6.199999999999998e-75,255.7,0.0
SAMEA2619782_1618,NOG.ENOG4111ZF3.meta_raw,SAMEA2619782_1618_3,3.7e-74,253.9,216.6
SAMEA2620666_14551,NOG.ENOG4111G9N.meta_raw,SAMEA2620666_14551_7,2.899999999999999e-74,252.9,20.6
SAMEA2622097_1132801,NOG.ENOG410Y6GW.meta_raw,SAMEA2622097_1132801_1,3.9999999999999994e-73,250.5,195.0
SAMEA2619766_28677,NOG.ENOG4111G9N.meta_raw,SAMEA2619766_28677_3,5.399999999999999e-73,248.7,7.7
SAMEA2623826_734675,NOG.COG2268.clustalo_raw,SAMEA2623826_734675_5,1.5999999999999997e-72,248.5,63.8
SAMEA2620194_688941,NOG.COG2274.meta_raw,SAMEA2620194_688941_9,2.3999999999999996e-72,247.2,0.9
SAMEA2622021_240472,NOG.ENOG4111G9N.meta_raw,SAMEA2622021_240472_3,2.2999999999999994e-72,246.7,19.2
SAMEA2622657_1176858,NOG.ENOG4111G9N.meta_raw,SAMEA2622657_1176858_4,3.599999999999999e-72,246.0,18.8
SAMEA2619974_1564,NOG.COG0457.clustalo_raw,SAMEA2619974_1564_42,4.3999999999999995e-72,243.9,6.3
SAMEA2620339_214956,NOG.COG2101.meta_raw,SAMEA2620339_214956_16,5.8999999999999984e-71,243.6,0.2
SAMEA2622837_1866954,NOG.ENOG4111G9N.meta_raw,SAMEA2622837_1866954_6,1.9999999999999994e-71,243.5,12.6
SAMEA2620230_1019488,NOG.ENOG4111G9N.meta_raw,SAMEA2620230_1019488_7,2.5999999999999995e-71,243.2,18.7
SAMEA2622764_394196,NOG.ENOG4111G9N.meta_raw,SAMEA2622764_394196_2,6.499999999999999e-70,238.6,18.6
SAMEA2591057_247080,NOG.ENOG410XVSZ.meta_raw,SAMEA2591057_247080_8,1.2999999999999998e-69,238.6,24.0
SAMEA2619840_1030260,NOG.ENOG4111G9N.meta_raw,SAMEA2619840_1030260_6,1.2999999999999998e-69,237.6,12.0
SAMEA2622766_1755535,NOG.COG0338.meta_raw,SAMEA2622766_1755535_2,4.199999999999999e-69,237.3,5.8
SAMEA2620194_1019720,NOG.ENOG4111J67.meta_raw,SAMEA2620194_1019720_11,3.499999999999999e-69,236.8,11.2
SAMEA2619840_630085,NOG.ENOG4111G9N.meta_raw,SAMEA2619840_630085_6,2.8e-69,236.5,12.7
SAMEA2622021_2032039,NOG.ENOG4111G9N.meta_raw,SAMEA2622021_2032039_2,4.0999999999999994e-69,236.0,15.7
SAMEA2622074_2349373,NOG.ENOG4111G9N.meta_raw,SAMEA2622074_2349373_4,5.199999999999999e-69,235.6,14.1
SAMEA2622766_542323,NOG.COG4870.clustalo_raw,SAMEA2622766_542323_1,1.5999999999999998e-67,230.2,6.1
SAMEA2622694_123,NOG.ENOG4111HFE.meta_raw,SAMEA2622694_123_4,8.2e-67,228.7,8.4
SAMEA2622478_1634282,NOG.ENOG4111HFE.meta_raw,SAMEA2622478_1634282_16,1.7e-65,224.4,9.2
SAMEA2620980_1493218,NOG.ENOG4111G9N.meta_raw,SAMEA2620980_1493218_9,4.3999999999999996e-65,222.8,13.0
SAMEA2622219_1361490,NOG.COG2101.meta_raw,SAMEA2622219_1361490_15,5.699999999999999e-64,220.5,0.1
SAMEA2623350_1005562,NOG.COG0612.clustalo_raw,SAMEA2623350_1005562_3,1.9e-61,211.7,0.2
SAMEA2623513_1203287,NOG.COG0465.clustalo_raw,SAMEA2623513_1203287_9,2.0999999999999995e-59,205.2,0.2
SAMEA2620404_2043199,NOG.ENOG410ZCR5.meta_raw,SAMEA2620404_2043199_9,5.7e-59,203.5,13.0
SAMEA2622821_2987,NOG.ENOG410YUUV.meta_raw,SAMEA2622821_2987_1,3.7e-59,203.3,36.5
SAMEA2623446_1457557,NOG.COG1575.meta_raw,SAMEA2623446_1457557_2,2e-58,201.7,5.0
SAMEA2620979_1418061,NOG.COG1552.meta_raw,SAMEA2620979_1418061_6,4.3e-58,201.1,0.9
SAMEA2622694_5837,NOG.ENOG4111XZ3.meta_raw,SAMEA2622694_5837_1,3.2e-57,198.0,35.7
SAMEA2623059_1072183,NOG.ENOG4111JPK.meta_raw,SAMEA2623059_1072183_3,7.199999999999999e-57,196.6,14.9
SAMEA2620979_255452,NOG.COG1552.meta_raw,SAMEA2620979_255452_9,1.1999999999999999e-54,189.8,1.1
SAMEA2622715_1967581,NOG.COG1552.meta_raw,SAMEA2622715_1967581_2,3.3e-54,188.3,1.0
SAMEA2621254_485619,NOG.COG1552.meta_raw,SAMEA2621254_485619_12,7.200000000000001e-54,187.2,0.9
SAMEA2620570_2083245,NOG.COG0670.meta_raw,SAMEA2620570_2083245_43,9.899999999999999e-54,186.2,28.2
SAMEA2621812_472993,NOG.COG1435.meta_raw,SAMEA2621812_472993_4,2.1e-53,185.3,1.6
SAMEA2623734_442078,NOG.COG1073.clustalo_raw,SAMEA2623734_442078_29,1.1e-50,174.4,0.3
SAMEA2620021_1282905,NOG.COG0863.clustalo_raw,SAMEA2620021_1282905_6,2.2e-49,172.0,0.4
SAMEA2621509_848262,NOG.ENOG4110SVZ.meta_raw,SAMEA2621509_848262_8,4.1e-49,171.4,4.1
SAMEA2591122_496093,NOG.ENOG410XR01.meta_raw,SAMEA2591122_496093_9,3.2999999999999997e-49,170.8,9.0
SAMEA2620979_1151402,NOG.COG1073.clustalo_raw,SAMEA2620979_1151402_22,1.4000000000000002e-49,170.7,0.4
SAMEA2591108_1366512,NOG.COG1796.clustalo_raw,SAMEA2591108_1366512_3,4.1e-49,170.5,0.1
SAMEA2620855_847055,NOG.COG1073.clustalo_raw,SAMEA2620855_847055_11,2e-49,170.1,0.2
SAMEA2621203_1098736,NOG.ENOG410XPZ7.meta_raw,SAMEA2621203_1098736_9,2.5e-48,168.0,0.0
SAMEA2623774_1540871,NOG.COG1073.clustalo_raw,SAMEA2623774_1540871_5,2.1e-48,166.7,0.2
SAMEA2623116_2940664,NOG.COG5078.clustalo_raw,SAMEA2623116_2940664_2,4.4e-48,166.7,0.5
SAMEA2621536_654804,NOG.COG2131.meta_raw,SAMEA2621536_654804_8,1.3999999999999997e-46,162.7,0.1
SAMEA2623868_1205902,NOG.COG2036.clustalo_raw,SAMEA2623868_1205902_2,2e-44,154.8,2.2
SAMEA2623116_1885203,NOG.COG1428.meta_raw,SAMEA2623116_1885203_19,2.3999999999999998e-43,152.2,0.2
SAMEA2620979_1101247,NOG.COG0507.clustalo_raw,SAMEA2620979_1101247_12,1.1999999999999999e-42,147.2,0.0
SAMEA2621401_1709746,NOG.ENOG4111JAT.meta_raw,SAMEA2621401_1709746_5,2e-41,146.1,0.0
SAMEA2619879_1000653,NOG.ENOG410XUCG.clustalo_raw,SAMEA2619879_1000653_9,1.4e-41,145.7,14.1
SAMEA2623919_2273661,NOG.COG1061.clustalo_raw,SAMEA2623919_2273661_1,6.099999999999999e-40,140.3,0.2
SAMEA2619927_1324048,NOG.ENOG4111RAC.meta_raw,SAMEA2619927_1324048_7,2.2e-39,139.2,0.0
SAMEA2621044_2178422,NOG.ENOG410XNQP.meta_raw,SAMEA2621044_2178422_1,4.9e-39,137.6,0.0
SAMEA2621509_429422,NOG.ENOG4111HFE.meta_raw,SAMEA2621509_429422_1,1.8e-38,135.8,9.0
SAMEA2622219_4428129,NOG.ENOG4111GB6.meta_raw,SAMEA2622219_4428129_6,6.7999999999999995e-37,130.1,8.0
SAMEA2622452_2389362,NOG.COG2032.meta_raw,SAMEA2622452_2389362_4,1.1999999999999998e-36,130.1,12.9
SAMEA2623919_2256086,NOG.COG4642.clustalo_raw,SAMEA2623919_2256086_9,6.799999999999999e-36,125.4,43.2
SAMEA2622097_192069,NOG.COG1061.clustalo_raw,SAMEA2622097_192069_6,2.1e-34,121.9,1.0
SAMEA2621221_410743,NOG.ENOG410XP31.meta_raw,SAMEA2621221_410743_5,6.2e-34,120.9,1.7
SAMEA2620979_483730,NOG.COG3590.clustalo_raw,SAMEA2620979_483730_24,5.599999999999999e-34,119.0,0.0
SAMEA2623116_304172,NOG.ENOG410Y6GW.meta_raw,SAMEA2623116_304172_6,4e-33,118.1,54.2
SAMEA2623350_2234540,NOG.ENOG4111HFE.meta_raw,SAMEA2623350_2234540_13,7.6e-31,110.8,0.9
SAMEA2619857_124935,NOG.ENOG4111HFE.meta_raw,SAMEA2619857_124935_7,8.9e-31,110.5,9.3
SAMEA2621259_182200,NOG.COG2214.clustalo_raw,SAMEA2621259_182200_3,4e-30,108.3,0.0
SAMEA2621839_2098079,NOG.ENOG4111HFE.meta_raw,SAMEA2621839_2098079_4,2.2e-28,102.7,16.9
SAMEA2623463_1416886,NOG.COG4642.clustalo_raw,SAMEA2623463_1416886_14,7.7e-29,101.9,22.4
SAMEA2620979_1529727,NOG.ENOG411266C.meta_raw,SAMEA2620979_1529727_3,5.4999999999999995e-27,98.4,0.5
SAMEA2622841_5411,NOG.ENOG4111HFE.meta_raw,SAMEA2622841_5411_5,1.2e-26,97.0,9.7
SAMEA2622219_963034,NOG.ENOG4111SUY.meta_raw,SAMEA2622219_963034_1,3.6000000000000007e-26,95.4,8.7
SAMEA2621812_1032756,NOG.COG4281.meta_raw,SAMEA2621812_1032756_2,5.400000000000001e-26,94.6,0.0
SAMEA2621259_1462221,NOG.ENOG411266C.meta_raw,SAMEA2621259_1462221_1,2.6e-25,92.9,0.8
SAMEA2622656_676960,NOG.ENOG410XSQS.meta_raw,SAMEA2622656_676960_5,3.5e-23,85.0,0.0
SAMEA2620259_221148,NOG.ENOG410YAYP.meta_raw,SAMEA2620259_221148_3,5.9e-23,84.4,0.0
SAMEA2622837_1296357,NOG.ENOG4111HFE.meta_raw,SAMEA2622837_1296357_5,2.5e-17,66.5,19.2
